Workbook

Sheet Utility System
B2: CUSTOMER | L2: ACCOUNT | P2: METER | X2: BILL | AI2: PAYMENT DETAILS | AO2: CHARGES
B4: CustomerID | C4: FirstName | D4: LastName | E4: PhoneNumber | F4: Email | G4: Address | H4: City | I4: ZipCode | J4: AccountStatus | L4: AccountID | M4: CustomerID | N4: ServiceStartDate | P4: MeterNumber | Q4: MeterType | R4: InstallationDate | S4: AccountID | T4: ReadingDate | U4: PreviousReading | V4: CurrentReading | X4: BillID | Y4: AccountID | Z4: IssueDate | AA4: DueDate | AB4: UnitsConsumed | AC4: EnergyCharges | AD4: AdditionalCharges | AE4: TaxAmount | AF4: TotalBill | AG4: PaymentStatus | AI4: PaymentID | AJ4: BillID | AK4: PaymentDate | AL4: PaymentAmount | AM4: PaymentMethod | AO4: UtilityType | AP4: EnergyCharges | AQ4: FixedCharge | AR4: TaxPercentage | AS4: ServiceFee
B5: CUST-0001 | C5: Ali | D5: Khan | E5: 3001234501 | F5: ali.khan1@example.com | G5: 123 Main St | H5: Karachi | I5: 74400 | J5: Active | L5: ACC-0001 | M5: CUST-0001 | N5: 44927 | P5: MTR-1001 | Q5: Electricity | R5: 44927 | S5: ACC-0001 | T5: 45296 | U5: 100 | V5: 150 | X5: BILL-0001 | Y5: ACC-0001 | Z5: 45235 | AA5: 45250 | AB5: =SUM('Utility System'!$V5-'Utility System'!$U5) -> 50 | AC5: =IF(Q5="Electricity",AB5*$AP$5,IF(Q5="Water",AB5*$AP$6,IF(Q5="Gas",AB5*$AP$7))) -> 2100 | AD5: =IF(Q5="Electricity",$AS$5+$AQ$5,IF(Q5="Water",$AS$6+$AQ$6,IF(Q5="Gas",$AS$7+$AQ$7))) -> 320 | AE5: =IF(Q5="Electricity",(AC5*$AR$5)/100,IF(Q5="Water",(AC5*$AR$6)/100,IF(Q5="Gas",(AC5*$AR$7)/100))) -> 210 | AF5: =SUM(Table12[[#This Row],[EnergyCharges]:[TaxAmount]]) -> 2630 | AG5: Unpaid | AI5: PAY-0001 | AJ5: BILL-0001 | AK5: 45250 | AL5: =SUM(Table12[[#This Row],[EnergyCharges]:[TaxAmount]]) -> 2630 | AM5: Credit Card | AO5: Electricity | AP5: 42 | AQ5: 120 | AR5: 10 | AS5: 200
B6: CUST-0002 | C6: Sara | D6: Ahmed | E6: 3001234502 | F6: sara.ahmed2@example.com | G6: 45 Park Ave | H6: Lahore | I6: 54000 | J6: Active | L6: ACC-0002 | M6: CUST-0002 | N6: 44931 | P6: MTR-1002 | Q6: Water | R6: 44931 | S6: ACC-0001 | T6: 45301 | U6: 80 | V6: 130 | X6: BILL-0002 | Y6: ACC-0001 | Z6: 45235 | AA6: 45250 | AB6: =SUM('Utility System'!$V6-'Utility System'!$U6) -> 50 | AC6: =IF(Q6="Electricity",AB6*$AP$5,IF(Q6="Water",AB6*$AP$6,IF(Q6="Gas",AB6*$AP$7))) -> 700 | AD6: =IF(Q6="Electricity",$AS$5+$AQ$5,IF(Q6="Water",$AS$6+$AQ$6,IF(Q6="Gas",$AS$7+$AQ$7))) -> 250 | AE6: =IF(Q6="Electricity",(AC6*$AR$5)/100,IF(Q6="Water",(AC6*$AR$6)/100,IF(Q6="Gas",(AC6*$AR$7)/100))) -> 35 | AF6: =SUM(Table12[[#This Row],[EnergyCharges]:[TaxAmount]]) -> 985 | AG6: Paid | AI6: PAY-0002 | AJ6: BILL-0002 | AK6: 45250 | AL6: =SUM(Table12[[#This Row],[EnergyCharges]:[TaxAmount]]) -> 985 | AM6: Bank Transfer | AO6: Water | AP6: 14 | AQ6: 100 | AR6: 5 | AS6: 150
B7: CUST-0003 | C7: Hassan | D7: Ali | E7: 3001234503 | F7: hassan.ali3@example.com | G7: 12 Palm Rd | H7: Islamabad | I7: 44000 | J7: Active | L7: ACC-0003 | M7: CUST-0003 | N7: 44931 | P7: MTR-2001 | Q7: Water | R7: 44931 | S7: ACC-0002 | T7: 45323 | U7: 50 | V7: 90 | X7: BILL-0003 | Y7: ACC-0002 | Z7: 45235 | AA7: 45250 | AB7: =SUM('Utility System'!$V7-'Utility System'!$U7) -> 40 | AC7: =IF(Q7="Electricity",AB7*$AP$5,IF(Q7="Water",AB7*$AP$6,IF(Q7="Gas",AB7*$AP$7))) -> 560 | AD7: =IF(Q7="Electricity",$AS$5+$AQ$5,IF(Q7="Water",$AS$6+$AQ$6,IF(Q7="Gas",$AS$7+$AQ$7))) -> 250 | AE7: =IF(Q7="Electricity",(AC7*$AR$5)/100,IF(Q7="Water",(AC7*$AR$6)/100,IF(Q7="Gas",(AC7*$AR$7)/100))) -> 28 | AF7: =SUM(Table12[[#This Row],[EnergyCharges]:[TaxAmount]]) -> 838 | AG7: Unpaid | AI7: PAY-0003 | AJ7: BILL-0003 | AK7: 45250 | AL7: =SUM(Table12[[#This Row],[EnergyCharges]:[TaxAmount]]) -> 838 | AM7: Credit Card | AO7: Gas | AP7: 18 | AQ7: 110 | AR7: 8 | AS7: 125
B8: CUST-0004 | C8: Ayesha | D8: Khan | E8: 3001234504 | F8: ayesha.khan4@example.com | G8: 78 Lake St | H8: Karachi | I8: 74400 | J8: Active | L8: ACC-0004 | M8: CUST-0004 | N8: 44936 | P8: MTR-2002 | Q8: Gas | R8: 44936 | S8: ACC-0002 | T8: 45325 | U8: 20 | V8: 60 | X8: BILL-0004 | Y8: ACC-0002 | Z8: 45235 | AA8: 45250 | AB8: =SUM('Utility System'!$V8-'Utility System'!$U8) -> 40 | AC8: =IF(Q8="Electricity",AB8*$AP$5,IF(Q8="Water",AB8*$AP$6,IF(Q8="Gas",AB8*$AP$7))) -> 720 | AD8: =IF(Q8="Electricity",$AS$5+$AQ$5,IF(Q8="Water",$AS$6+$AQ$6,IF(Q8="Gas",$AS$7+$AQ$7))) -> 235 | AE8: =IF(Q8="Electricity",(AC8*$AR$5)/100,IF(Q8="Water",(AC8*$AR$6)/100,IF(Q8="Gas",(AC8*$AR$7)/100))) -> 57.6 | AF8: =SUM(Table12[[#This Row],[EnergyCharges]:[TaxAmount]]) -> 1012.6 | AG8: Unpaid | AI8: PAY-0004 | AJ8: BILL-0004 | AK8: 45250 | AL8: =SUM(Table12[[#This Row],[EnergyCharges]:[TaxAmount]]) -> 1012.6 | AM8: Cash
B9: CUST-0005 | C9: Bilal | D9: Ahmed | E9: 3001234505 | F9: bilal.ahmed5@example.com | G9: 56 Hill Rd | H9: Lahore | I9: 54000 | J9: Active | L9: ACC-0005 | M9: CUST-0005 | N9: 44936 | P9: MTR-3001 | Q9: Gas | R9: 44936 | S9: ACC-0003 | T9: 45352 | U9: 70 | V9: 120 | X9: BILL-0005 | Y9: ACC-0003 | Z9: 45235 | AA9: 45250 | AB9: =SUM('Utility System'!$V9-'Utility System'!$U9) -> 50 | AC9: =IF(Q9="Electricity",AB9*$AP$5,IF(Q9="Water",AB9*$AP$6,IF(Q9="Gas",AB9*$AP$7))) -> 900 | AD9: =IF(Q9="Electricity",$AS$5+$AQ$5,IF(Q9="Water",$AS$6+$AQ$6,IF(Q9="Gas",$AS$7+$AQ$7))) -> 235 | AE9: =IF(Q9="Electricity",(AC9*$AR$5)/100,IF(Q9="Water",(AC9*$AR$6)/100,IF(Q9="Gas",(AC9*$AR$7)/100))) -> 72 | AF9: =SUM(Table12[[#This Row],[EnergyCharges]:[TaxAmount]]) -> 1207 | AG9: Unpaid | AI9: PAY-0005 | AJ9: BILL-0005 | AK9: 45250 | AL9: =SUM(Table12[[#This Row],[EnergyCharges]:[TaxAmount]]) -> 1207 | AM9: Credit Card
B10: CUST-0006 | C10: Zainab | D10: Shah | E10: 3001234506 | F10: zainab.shah6@example.com | G10: 23 River St | H10: Islamabad | I10: 44000 | J10: Active | L10: ACC-0006 | M10: CUST-0006 | N10: 44941 | P10: MTR-3002 | Q10: Electricity | R10: 44941 | S10: ACC-0003 | T10: 45356 | U10: 60 | V10: 110 | X10: BILL-0006 | Y10: ACC-0003 | Z10: 45235 | AA10: 45250 | AB10: =SUM('Utility System'!$V10-'Utility System'!$U10) -> 50 | AC10: =IF(Q10="Electricity",AB10*$AP$5,IF(Q10="Water",AB10*$AP$6,IF(Q10="Gas",AB10*$AP$7))) -> 2100 | AD10: =IF(Q10="Electricity",$AS$5+$AQ$5,IF(Q10="Water",$AS$6+$AQ$6,IF(Q10="Gas",$AS$7+$AQ$7))) -> 320 | AE10: =IF(Q10="Electricity",(AC10*$AR$5)/100,IF(Q10="Water",(AC10*$AR$6)/100,IF(Q10="Gas",(AC10*$AR$7)/100))) -> 210 | AF10: =SUM(Table12[[#This Row],[EnergyCharges]:[TaxAmount]]) -> 2630 | AG10: Unpaid | AI10: PAY-0006 | AJ10: BILL-0006 | AK10: 45250 | AL10: =SUM(Table12[[#This Row],[EnergyCharges]:[TaxAmount]]) -> 2630 | AM10: Bank Transfer
B11: CUST-0007 | C11: Omar | D11: Khan | E11: 3001234507 | F11: omar.khan7@example.com | G11: 89 Park Ave | H11: Karachi | I11: 74400 | J11: Active | L11: ACC-0007 | M11: CUST-0007 | N11: 44941 | P11: MTR-4001 | Q11: Electricity | R11: 44941 | S11: ACC-0004 | T11: 45383 | U11: 100 | V11: 160 | X11: BILL-0007 | Y11: ACC-0004 | Z11: 45235 | AA11: 45250 | AB11: =SUM('Utility System'!$V11-'Utility System'!$U11) -> 60 | AC11: =IF(Q11="Electricity",AB11*$AP$5,IF(Q11="Water",AB11*$AP$6,IF(Q11="Gas",AB11*$AP$7))) -> 2520 | AD11: =IF(Q11="Electricity",$AS$5+$AQ$5,IF(Q11="Water",$AS$6+$AQ$6,IF(Q11="Gas",$AS$7+$AQ$7))) -> 320 | AE11: =IF(Q11="Electricity",(AC11*$AR$5)/100,IF(Q11="Water",(AC11*$AR$6)/100,IF(Q11="Gas",(AC11*$AR$7)/100))) -> 252 | AF11: =SUM(Table12[[#This Row],[EnergyCharges]:[TaxAmount]]) -> 3092 | AG11: Unpaid | AI11: PAY-0007 | AJ11: BILL-0007 | AK11: 45250 | AL11: =SUM(Table12[[#This Row],[EnergyCharges]:[TaxAmount]]) -> 3092 | AM11: Credit Card
B12: CUST-0008 | C12: Fatima | D12: Ali | E12: 3001234508 | F12: fatima.ali8@example.com | G12: 34 Main St | H12: Lahore | I12: 54000 | J12: Active | L12: ACC-0008 | M12: CUST-0008 | N12: 44946 | P12: MTR-5001 | Q12: Water | R12: 44946 | S12: ACC-0005 | T12: 45387 | U12: 30 | V12: 75 | X12: BILL-0008 | Y12: ACC-0005 | Z12: 45235 | AA12: 45250 | AB12: =SUM('Utility System'!$V12-'Utility System'!$U12) -> 45 | AC12: =IF(Q12="Electricity",AB12*$AP$5,IF(Q12="Water",AB12*$AP$6,IF(Q12="Gas",AB12*$AP$7))) -> 630 | AD12: =IF(Q12="Electricity",$AS$5+$AQ$5,IF(Q12="Water",$AS$6+$AQ$6,IF(Q12="Gas",$AS$7+$AQ$7))) -> 250 | AE12: =IF(Q12="Electricity",(AC12*$AR$5)/100,IF(Q12="Water",(AC12*$AR$6)/100,IF(Q12="Gas",(AC12*$AR$7)/100))) -> 31.5 | AF12: =SUM(Table12[[#This Row],[EnergyCharges]:[TaxAmount]]) -> 911.5 | AG12: Unpaid | AI12: PAY-0008 | AJ12: BILL-0008 | AK12: 45250 | AL12: =SUM(Table12[[#This Row],[EnergyCharges]:[TaxAmount]]) -> 911.5 | AM12: Cash
B13: CUST-0009 | C13: Imran | D13: Shah | E13: 3001234509 | F13: imran.shah9@example.com | G13: 67 Lake St | H13: Islamabad | I13: 44000 | J13: Active | L13: ACC-0009 | M13: CUST-0009 | N13: 44951 | P13: MTR-6001 | Q13: Gas | R13: 44951 | S13: ACC-0006 | T13: 45413 | U13: 40 | V13: 90 | X13: BILL-0009 | Y13: ACC-0006 | Z13: 45235 | AA13: 45250 | AB13: =SUM('Utility System'!$V13-'Utility System'!$U13) -> 50 | AC13: =IF(Q13="Electricity",AB13*$AP$5,IF(Q13="Water",AB13*$AP$6,IF(Q13="Gas",AB13*$AP$7))) -> 900 | AD13: =IF(Q13="Electricity",$AS$5+$AQ$5,IF(Q13="Water",$AS$6+$AQ$6,IF(Q13="Gas",$AS$7+$AQ$7))) -> 235 | AE13: =IF(Q13="Electricity",(AC13*$AR$5)/100,IF(Q13="Water",(AC13*$AR$6)/100,IF(Q13="Gas",(AC13*$AR$7)/100))) -> 72 | AF13: =SUM(Table12[[#This Row],[EnergyCharges]:[TaxAmount]]) -> 1207 | AG13: Paid | AI13: PAY-0009 | AJ13: BILL-0009 | AK13: 45250 | AL13: =SUM(Table12[[#This Row],[EnergyCharges]:[TaxAmount]]) -> 1207 | AM13: Credit Card
B14: CUST-0010 | C14: Noor | D14: Ahmed | E14: 3001234510 | F14: noor.ahmed10@example.com | G14: 11 Palm Rd | H14: Karachi | I14: 74400 | J14: Active | L14: ACC-0010 | M14: CUST-0010 | N14: 44956 | P14: MTR-7001 | Q14: Electricity | R14: 44956 | S14: ACC-0007 | T14: 45422 | U14: 120 | V14: 170 | X14: BILL-0010 | Y14: ACC-0007 | Z14: 45235 | AA14: 45250 | AB14: =SUM('Utility System'!$V14-'Utility System'!$U14) -> 50 | AC14: =IF(Q14="Electricity",AB14*$AP$5,IF(Q14="Water",AB14*$AP$6,IF(Q14="Gas",AB14*$AP$7))) -> 2100 | AD14: =IF(Q14="Electricity",$AS$5+$AQ$5,IF(Q14="Water",$AS$6+$AQ$6,IF(Q14="Gas",$AS$7+$AQ$7))) -> 320 | AE14: =IF(Q14="Electricity",(AC14*$AR$5)/100,IF(Q14="Water",(AC14*$AR$6)/100,IF(Q14="Gas",(AC14*$AR$7)/100))) -> 210 | AF14: =SUM(Table12[[#This Row],[EnergyCharges]:[TaxAmount]]) -> 2630 | AG14: Unpaid | AI14: PAY-0010 | AJ14: BILL-0010 | AK14: 45250 | AL14: =SUM(Table12[[#This Row],[EnergyCharges]:[TaxAmount]]) -> 2630 | AM14: Bank Transfer
B15: CUST-0011 | C15: Sami | D15: Khan | E15: 3001234511 | F15: sami.khan11@example.com | G15: 22 Hill Rd | H15: Lahore | I15: 54000 | J15: Active | L15: ACC-0011 | M15: CUST-0011 | N15: 44958 | P15: MTR-7002 | Q15: Water | R15: 44958 | S15: ACC-0007 | T15: 45424 | U15: 60 | V15: 100 | X15: BILL-0011 | Y15: ACC-0007 | Z15: 45235 | AA15: 45250 | AB15: =SUM('Utility System'!$V15-'Utility System'!$U15) -> 40 | AC15: =IF(Q15="Electricity",AB15*$AP$5,IF(Q15="Water",AB15*$AP$6,IF(Q15="Gas",AB15*$AP$7))) -> 560 | AD15: =IF(Q15="Electricity",$AS$5+$AQ$5,IF(Q15="Water",$AS$6+$AQ$6,IF(Q15="Gas",$AS$7+$AQ$7))) -> 250 | AE15: =IF(Q15="Electricity",(AC15*$AR$5)/100,IF(Q15="Water",(AC15*$AR$6)/100,IF(Q15="Gas",(AC15*$AR$7)/100))) -> 28 | AF15: =SUM(Table12[[#This Row],[EnergyCharges]:[TaxAmount]]) -> 838 | AG15: Unpaid | AI15: PAY-0011 | AJ15: BILL-0011 | AK15: 45250 | AL15: =SUM(Table12[[#This Row],[EnergyCharges]:[TaxAmount]]) -> 838 | AM15: Credit Card
B16: CUST-0012 | C16: Hina | D16: Ali | E16: 3001234512 | F16: hina.ali12@example.com | G16: 45 River St | H16: Islamabad | I16: 44000 | J16: Active | L16: ACC-0012 | M16: CUST-0012 | N16: 44962 | P16: MTR-7003 | Q16: Gas | R16: 44962 | S16: ACC-0007 | T16: 45427 | U16: 20 | V16: 50 | X16: BILL-0012 | Y16: ACC-0007 | Z16: 45235 | AA16: 45250 | AB16: =SUM('Utility System'!$V16-'Utility System'!$U16) -> 30 | AC16: =IF(Q16="Electricity",AB16*$AP$5,IF(Q16="Water",AB16*$AP$6,IF(Q16="Gas",AB16*$AP$7))) -> 540 | AD16: =IF(Q16="Electricity",$AS$5+$AQ$5,IF(Q16="Water",$AS$6+$AQ$6,IF(Q16="Gas",$AS$7+$AQ$7))) -> 235 | AE16: =IF(Q16="Electricity",(AC16*$AR$5)/100,IF(Q16="Water",(AC16*$AR$6)/100,IF(Q16="Gas",(AC16*$AR$7)/100))) -> 43.2 | AF16: =SUM(Table12[[#This Row],[EnergyCharges]:[TaxAmount]]) -> 818.2 | AG16: Unpaid | AI16: PAY-0012 | AJ16: BILL-0012 | AK16: 45250 | AL16: =SUM(Table12[[#This Row],[EnergyCharges]:[TaxAmount]]) -> 818.2 | AM16: Cash
B17: CUST-0013 | C17: Ayan | D17: Shah | E17: 3001234513 | F17: ayan.shah13@example.com | G17: 56 Main St | H17: Karachi | I17: 74400 | J17: Active | L17: ACC-0013 | M17: CUST-0013 | N17: 44961 | P17: MTR-8001 | Q17: Water | R17: 44961 | S17: ACC-0008 | T17: 45444 | U17: 55 | V17: 95 | X17: BILL-0013 | Y17: ACC-0008 | Z17: 45235 | AA17: 45250 | AB17: =SUM('Utility System'!$V17-'Utility System'!$U17) -> 40 | AC17: =IF(Q17="Electricity",AB17*$AP$5,IF(Q17="Water",AB17*$AP$6,IF(Q17="Gas",AB17*$AP$7))) -> 560 | AD17: =IF(Q17="Electricity",$AS$5+$AQ$5,IF(Q17="Water",$AS$6+$AQ$6,IF(Q17="Gas",$AS$7+$AQ$7))) -> 250 | AE17: =IF(Q17="Electricity",(AC17*$AR$5)/100,IF(Q17="Water",(AC17*$AR$6)/100,IF(Q17="Gas",(AC17*$AR$7)/100))) -> 28 | AF17: =SUM(Table12[[#This Row],[EnergyCharges]:[TaxAmount]]) -> 838 | AG17: Paid | AI17: PAY-0013 | AJ17: BILL-0013 | AK17: 45250 | AL17: =SUM(Table12[[#This Row],[EnergyCharges]:[TaxAmount]]) -> 838 | AM17: Credit Card
B18: CUST-0014 | C18: Maryam | D18: Khan | E18: 3001234514 | F18: maryam.khan14@example.com | G18: 78 Park Ave | H18: Lahore | I18: 54000 | J18: Active | L18: ACC-0014 | M18: CUST-0014 | N18: 44966 | P18: MTR-9001 | Q18: Gas | R18: 44966 | S18: ACC-0009 | T18: 45448 | U18: 35 | V18: 80 | X18: BILL-0014 | Y18: ACC-0009 | Z18: 45235 | AA18: 45250 | AB18: =SUM('Utility System'!$V18-'Utility System'!$U18) -> 45 | AC18: =IF(Q18="Electricity",AB18*$AP$5,IF(Q18="Water",AB18*$AP$6,IF(Q18="Gas",AB18*$AP$7))) -> 810 | AD18: =IF(Q18="Electricity",$AS$5+$AQ$5,IF(Q18="Water",$AS$6+$AQ$6,IF(Q18="Gas",$AS$7+$AQ$7))) -> 235 | AE18: =IF(Q18="Electricity",(AC18*$AR$5)/100,IF(Q18="Water",(AC18*$AR$6)/100,IF(Q18="Gas",(AC18*$AR$7)/100))) -> 64.8 | AF18: =SUM(Table12[[#This Row],[EnergyCharges]:[TaxAmount]]) -> 1109.8 | AG18: Unpaid | AI18: PAY-0014 | AJ18: BILL-0014 | AK18: 45250 | AL18: =SUM(Table12[[#This Row],[EnergyCharges]:[TaxAmount]]) -> 1109.8 | AM18: Bank Transfer
B19: CUST-0015 | C19: Danish | D19: Ahmed | E19: 3001234515 | F19: danish.ahmed15@example.com | G19: 89 Lake St | H19: Islamabad | I19: 44000 | J19: Active | L19: ACC-0015 | M19: CUST-0015 | N19: 44971 | P19: MTR-9002 | Q19: Electricity | R19: 44971 | S19: ACC-0009 | T19: 45453 | U19: 60 | V19: 115 | X19: BILL-0015 | Y19: ACC-0009 | Z19: 45235 | AA19: 45250 | AB19: =SUM('Utility System'!$V19-'Utility System'!$U19) -> 55 | AC19: =IF(Q19="Electricity",AB19*$AP$5,IF(Q19="Water",AB19*$AP$6,IF(Q19="Gas",AB19*$AP$7))) -> 2310 | AD19: =IF(Q19="Electricity",$AS$5+$AQ$5,IF(Q19="Water",$AS$6+$AQ$6,IF(Q19="Gas",$AS$7+$AQ$7))) -> 320 | AE19: =IF(Q19="Electricity",(AC19*$AR$5)/100,IF(Q19="Water",(AC19*$AR$6)/100,IF(Q19="Gas",(AC19*$AR$7)/100))) -> 231 | AF19: =SUM(Table12[[#This Row],[EnergyCharges]:[TaxAmount]]) -> 2861 | AG19: Unpaid | AI19: PAY-0015 | AJ19: BILL-0015 | AK19: 45250 | AL19: =SUM(Table12[[#This Row],[EnergyCharges]:[TaxAmount]]) -> 2861 | AM19: Credit Card
... B34: CUST-0030 | C34: Zoya | D34: Aziz | E34: 3001234530 | F34: zoya.aziz30@example.com | G34: 14 Palm Rd | H34: Islamabad | I34: 44000 | J34: Active | L34: ACC-0030 | M34: CUST-0030 | N34: 45021 | P34: MTR-20001 | Q34: Water | R34: 45021 | S34: ACC-0020 | T34: 45606 | U34: 35 | V34: 75 | X34: BILL-0030 | Y34: ACC-0020 | Z34: 45235 | AA34: 45250 | AB34: =SUM('Utility System'!$V34-'Utility System'!$U34) -> 40 | AC34: =IF(Q34="Electricity",AB34*$AP$5,IF(Q34="Water",AB34*$AP$6,IF(Q34="Gas",AB34*$AP$7))) -> 560 | AD34: =IF(Q34="Electricity",$AS$5+$AQ$5,IF(Q34="Water",$AS$6+$AQ$6,IF(Q34="Gas",$AS$7+$AQ$7))) -> 250 | AE34: =IF(Q34="Electricity",(AC34*$AR$5)/100,IF(Q34="Water",(AC34*$AR$6)/100,IF(Q34="Gas",(AC34*$AR$7)/100))) -> 28 | AF34: =SUM(Table12[[#This Row],[EnergyCharges]:[TaxAmount]]) -> 838 | AG34: Paid | AI34: PAY-0030 | AJ34: BILL-0030 | AK34: 45250 | AL34: =SUM(Table12[[#This Row],[EnergyCharges]:[TaxAmount]]) -> 838 | AM34: Bank Transfer
P35: MTR-21001 | Q35: Gas | R35: 45026 | S35: ACC-0021 | T35: 45627 | U35: 25 | V35: 70 | X35: BILL-0031 | Y35: ACC-0021 | Z35: 45235 | AA35: 45250 | AB35: =SUM('Utility System'!$V35-'Utility System'!$U35) -> 45 | AC35: =IF(Q35="Electricity",AB35*$AP$5,IF(Q35="Water",AB35*$AP$6,IF(Q35="Gas",AB35*$AP$7))) -> 810 | AD35: =IF(Q35="Electricity",$AS$5+$AQ$5,IF(Q35="Water",$AS$6+$AQ$6,IF(Q35="Gas",$AS$7+$AQ$7))) -> 235 | AE35: =IF(Q35="Electricity",(AC35*$AR$5)/100,IF(Q35="Water",(AC35*$AR$6)/100,IF(Q35="Gas",(AC35*$AR$7)/100))) -> 64.8 | AF35: =SUM(Table12[[#This Row],[EnergyCharges]:[TaxAmount]]) -> 1109.8 | AG35: Unpaid | AI35: PAY-0031 | AJ35: BILL-0031 | AK35: 45250 | AL35: =SUM(Table12[[#This Row],[EnergyCharges]:[TaxAmount]]) -> 1109.8 | AM35: Credit Card
P36: MTR-21002 | Q36: Electricity | R36: 45028 | S36: ACC-0021 | T36: 45629 | U36: 50 | V36: 100 | X36: BILL-0032 | Y36: ACC-0021 | Z36: 45235 | AA36: 45250 | AB36: =SUM('Utility System'!$V36-'Utility System'!$U36) -> 50 | AC36: =IF(Q36="Electricity",AB36*$AP$5,IF(Q36="Water",AB36*$AP$6,IF(Q36="Gas",AB36*$AP$7))) -> 2100 | AD36: =IF(Q36="Electricity",$AS$5+$AQ$5,IF(Q36="Water",$AS$6+$AQ$6,IF(Q36="Gas",$AS$7+$AQ$7))) -> 320 | AE36: =IF(Q36="Electricity",(AC36*$AR$5)/100,IF(Q36="Water",(AC36*$AR$6)/100,IF(Q36="Gas",(AC36*$AR$7)/100))) -> 210 | AF36: =SUM(Table12[[#This Row],[EnergyCharges]:[TaxAmount]]) -> 2630 | AG36: Unpaid | AI36: PAY-0032 | AJ36: BILL-0032 | AK36: 45250 | AL36: =SUM(Table12[[#This Row],[EnergyCharges]:[TaxAmount]]) -> 2630 | AM36: Cash
P37: MTR-22001 | Q37: Electricity | R37: 45031 | S37: ACC-0022 | T37: 45658 | U37: 110 | V37: 160 | X37: BILL-0033 | Y37: ACC-0022 | Z37: 45235 | AA37: 45250 | AB37: =SUM('Utility System'!$V37-'Utility System'!$U37) -> 50 | AC37: =IF(Q37="Electricity",AB37*$AP$5,IF(Q37="Water",AB37*$AP$6,IF(Q37="Gas",AB37*$AP$7))) -> 2100 | AD37: =IF(Q37="Electricity",$AS$5+$AQ$5,IF(Q37="Water",$AS$6+$AQ$6,IF(Q37="Gas",$AS$7+$AQ$7))) -> 320 | AE37: =IF(Q37="Electricity",(AC37*$AR$5)/100,IF(Q37="Water",(AC37*$AR$6)/100,IF(Q37="Gas",(AC37*$AR$7)/100))) -> 210 | AF37: =SUM(Table12[[#This Row],[EnergyCharges]:[TaxAmount]]) -> 2630 | AG37: Paid | AI37: PAY-0033 | AJ37: BILL-0033 | AK37: 45250 | AL37: =SUM(Table12[[#This Row],[EnergyCharges]:[TaxAmount]]) -> 2630 | AM37: Credit Card
P38: MTR-22002 | Q38: Water | R38: 45036 | S38: ACC-0022 | T38: 45662 | U38: 60 | V38: 100 | X38: BILL-0034 | Y38: ACC-0022 | Z38: 45235 | AA38: 45250 | AB38: =SUM('Utility System'!$V38-'Utility System'!$U38) -> 40 | AC38: =IF(Q38="Electricity",AB38*$AP$5,IF(Q38="Water",AB38*$AP$6,IF(Q38="Gas",AB38*$AP$7))) -> 560 | AD38: =IF(Q38="Electricity",$AS$5+$AQ$5,IF(Q38="Water",$AS$6+$AQ$6,IF(Q38="Gas",$AS$7+$AQ$7))) -> 250 | AE38: =IF(Q38="Electricity",(AC38*$AR$5)/100,IF(Q38="Water",(AC38*$AR$6)/100,IF(Q38="Gas",(AC38*$AR$7)/100))) -> 28 | AF38: =SUM(Table12[[#This Row],[EnergyCharges]:[TaxAmount]]) -> 838 | AG38: Unpaid | AI38: PAY-0034 | AJ38: BILL-0034 | AK38: 45250 | AL38: =SUM(Table12[[#This Row],[EnergyCharges]:[TaxAmount]]) -> 838 | AM38: Bank Transfer
P39: MTR-22003 | Q39: Gas | R39: 45041 | S39: ACC-0022 | T39: 45667 | U39: 30 | V39: 70 | X39: BILL-0035 | Y39: ACC-0022 | Z39: 45235 | AA39: 45250 | AB39: =SUM('Utility System'!$V39-'Utility System'!$U39) -> 40 | AC39: =IF(Q39="Electricity",AB39*$AP$5,IF(Q39="Water",AB39*$AP$6,IF(Q39="Gas",AB39*$AP$7))) -> 720 | AD39: =IF(Q39="Electricity",$AS$5+$AQ$5,IF(Q39="Water",$AS$6+$AQ$6,IF(Q39="Gas",$AS$7+$AQ$7))) -> 235 | AE39: =IF(Q39="Electricity",(AC39*$AR$5)/100,IF(Q39="Water",(AC39*$AR$6)/100,IF(Q39="Gas",(AC39*$AR$7)/100))) -> 57.6 | AF39: =SUM(Table12[[#This Row],[EnergyCharges]:[TaxAmount]]) -> 1012.6 | AG39: Unpaid | AI39: PAY-0035 | AJ39: BILL-0035 | AK39: 45250 | AL39: =SUM(Table12[[#This Row],[EnergyCharges]:[TaxAmount]]) -> 1012.6 | AM39: Credit Card
P40: MTR-23001 | Q40: Water | R40: 45036 | S40: ACC-0023 | T40: 45672 | U40: 40 | V40: 85 | X40: BILL-0036 | Y40: ACC-0023 | Z40: 45235 | AA40: 45250 | AB40: =SUM('Utility System'!$V40-'Utility System'!$U40) -> 45 | AC40: =IF(Q40="Electricity",AB40*$AP$5,IF(Q40="Water",AB40*$AP$6,IF(Q40="Gas",AB40*$AP$7))) -> 630 | AD40: =IF(Q40="Electricity",$AS$5+$AQ$5,IF(Q40="Water",$AS$6+$AQ$6,IF(Q40="Gas",$AS$7+$AQ$7))) -> 250 | AE40: =IF(Q40="Electricity",(AC40*$AR$5)/100,IF(Q40="Water",(AC40*$AR$6)/100,IF(Q40="Gas",(AC40*$AR$7)/100))) -> 31.5 | AF40: =SUM(Table12[[#This Row],[EnergyCharges]:[TaxAmount]]) -> 911.5 | AG40: Unpaid | AI40: PAY-0036 | AJ40: BILL-0036 | AK40: 45250 | AL40: =SUM(Table12[[#This Row],[EnergyCharges]:[TaxAmount]]) -> 911.5 | AM40: Cash
P41: MTR-24001 | Q41: Gas | R41: 45041 | S41: ACC-0024 | T41: 45677 | U41: 30 | V41: 70 | X41: BILL-0037 | Y41: ACC-0024 | Z41: 45235 | AA41: 45250 | AB41: =SUM('Utility System'!$V41-'Utility System'!$U41) -> 40 | AC41: =IF(Q41="Electricity",AB41*$AP$5,IF(Q41="Water",AB41*$AP$6,IF(Q41="Gas",AB41*$AP$7))) -> 720 | AD41: =IF(Q41="Electricity",$AS$5+$AQ$5,IF(Q41="Water",$AS$6+$AQ$6,IF(Q41="Gas",$AS$7+$AQ$7))) -> 235 | AE41: =IF(Q41="Electricity",(AC41*$AR$5)/100,IF(Q41="Water",(AC41*$AR$6)/100,IF(Q41="Gas",(AC41*$AR$7)/100))) -> 57.6 | AF41: =SUM(Table12[[#This Row],[EnergyCharges]:[TaxAmount]]) -> 1012.6 | AG41: Unpaid | AI41: PAY-0037 | AJ41: BILL-0037 | AK41: 45250 | AL41: =SUM(Table12[[#This Row],[EnergyCharges]:[TaxAmount]]) -> 1012.6 | AM41: Credit Card
P42: MTR-25001 | Q42: Electricity | R42: 45046 | S42: ACC-0025 | T42: 45689 | U42: 80 | V42: 130 | X42: BILL-0038 | Y42: ACC-0025 | Z42: 45235 | AA42: 45250 | AB42: =SUM('Utility System'!$V42-'Utility System'!$U42) -> 50 | AC42: =IF(Q42="Electricity",AB42*$AP$5,IF(Q42="Water",AB42*$AP$6,IF(Q42="Gas",AB42*$AP$7))) -> 2100 | AD42: =IF(Q42="Electricity",$AS$5+$AQ$5,IF(Q42="Water",$AS$6+$AQ$6,IF(Q42="Gas",$AS$7+$AQ$7))) -> 320 | AE42: =IF(Q42="Electricity",(AC42*$AR$5)/100,IF(Q42="Water",(AC42*$AR$6)/100,IF(Q42="Gas",(AC42*$AR$7)/100))) -> 210 | AF42: =SUM(Table12[[#This Row],[EnergyCharges]:[TaxAmount]]) -> 2630 | AG42: Paid | AI42: PAY-0038 | AJ42: BILL-0038 | AK42: 45250 | AL42: =SUM(Table12[[#This Row],[EnergyCharges]:[TaxAmount]]) -> 2630 | AM42: Bank Transfer
P43: MTR-26001 | Q43: Water | R43: 45051 | S43: ACC-0026 | T43: 45693 | U43: 60 | V43: 100 | X43: BILL-0039 | Y43: ACC-0026 | Z43: 45235 | AA43: 45250 | AB43: =SUM('Utility System'!$V43-'Utility System'!$U43) -> 40 | AC43: =IF(Q43="Electricity",AB43*$AP$5,IF(Q43="Water",AB43*$AP$6,IF(Q43="Gas",AB43*$AP$7))) -> 560 | AD43: =IF(Q43="Electricity",$AS$5+$AQ$5,IF(Q43="Water",$AS$6+$AQ$6,IF(Q43="Gas",$AS$7+$AQ$7))) -> 250 | AE43: =IF(Q43="Electricity",(AC43*$AR$5)/100,IF(Q43="Water",(AC43*$AR$6)/100,IF(Q43="Gas",(AC43*$AR$7)/100))) -> 28 | AF43: =SUM(Table12[[#This Row],[EnergyCharges]:[TaxAmount]]) -> 838 | AG43: Unpaid | AI43: PAY-0039 | AJ43: BILL-0039 | AK43: 45250 | AL43: =SUM(Table12[[#This Row],[EnergyCharges]:[TaxAmount]]) -> 838 | AM43: Credit Card
P44: MTR-26002 | Q44: Gas | R44: 45053 | S44: ACC-0026 | T44: 45698 | U44: 20 | V44: 60 | X44: BILL-0040 | Y44: ACC-0026 | Z44: 45235 | AA44: 45250 | AB44: =SUM('Utility System'!$V44-'Utility System'!$U44) -> 40 | AC44: =IF(Q44="Electricity",AB44*$AP$5,IF(Q44="Water",AB44*$AP$6,IF(Q44="Gas",AB44*$AP$7))) -> 720 | AD44: =IF(Q44="Electricity",$AS$5+$AQ$5,IF(Q44="Water",$AS$6+$AQ$6,IF(Q44="Gas",$AS$7+$AQ$7))) -> 235 | AE44: =IF(Q44="Electricity",(AC44*$AR$5)/100,IF(Q44="Water",(AC44*$AR$6)/100,IF(Q44="Gas",(AC44*$AR$7)/100))) -> 57.6 | AF44: =SUM(Table12[[#This Row],[EnergyCharges]:[TaxAmount]]) -> 1012.6 | AG44: Unpaid | AI44: PAY-0040 | AJ44: BILL-0040 | AK44: 45250 | AL44: =SUM(Table12[[#This Row],[EnergyCharges]:[TaxAmount]]) -> 1012.6 | AM44: Cash
P45: MTR-27001 | Q45: Gas | R45: 45056 | S45: ACC-0027 | T45: 45703 | U45: 50 | V45: 95 | X45: BILL-0041 | Y45: ACC-0027 | Z45: 45235 | AA45: 45250 | AB45: =SUM('Utility System'!$V45-'Utility System'!$U45) -> 45 | AC45: =IF(Q45="Electricity",AB45*$AP$5,IF(Q45="Water",AB45*$AP$6,IF(Q45="Gas",AB45*$AP$7))) -> 810 | AD45: =IF(Q45="Electricity",$AS$5+$AQ$5,IF(Q45="Water",$AS$6+$AQ$6,IF(Q45="Gas",$AS$7+$AQ$7))) -> 235 | AE45: =IF(Q45="Electricity",(AC45*$AR$5)/100,IF(Q45="Water",(AC45*$AR$6)/100,IF(Q45="Gas",(AC45*$AR$7)/100))) -> 64.8 | AF45: =SUM(Table12[[#This Row],[EnergyCharges]:[TaxAmount]]) -> 1109.8 | AG45: Paid | AI45: PAY-0041 | AJ45: BILL-0041 | AK45: 45250 | AL45: =SUM(Table12[[#This Row],[EnergyCharges]:[TaxAmount]]) -> 1109.8 | AM45: Credit Card
P46: MTR-28001 | Q46: Electricity | R46: 45061 | S46: ACC-0028 | T46: 45717 | U46: 90 | V46: 145 | X46: BILL-0042 | Y46: ACC-0028 | Z46: 45235 | AA46: 45250 | AB46: =SUM('Utility System'!$V46-'Utility System'!$U46) -> 55 | AC46: =IF(Q46="Electricity",AB46*$AP$5,IF(Q46="Water",AB46*$AP$6,IF(Q46="Gas",AB46*$AP$7))) -> 2310 | AD46: =IF(Q46="Electricity",$AS$5+$AQ$5,IF(Q46="Water",$AS$6+$AQ$6,IF(Q46="Gas",$AS$7+$AQ$7))) -> 320 | AE46: =IF(Q46="Electricity",(AC46*$AR$5)/100,IF(Q46="Water",(AC46*$AR$6)/100,IF(Q46="Gas",(AC46*$AR$7)/100))) -> 231 | AF46: =SUM(Table12[[#This Row],[EnergyCharges]:[TaxAmount]]) -> 2861 | AG46: Paid | AI46: PAY-0042 | AJ46: BILL-0042 | AK46: 45250 | AL46: =SUM(Table12[[#This Row],[EnergyCharges]:[TaxAmount]]) -> 2861 | AM46: Bank Transfer
... P49: MTR-30001 | Q49: Gas | R49: 45071 | S49: ACC-0030 | T49: 45731 | U49: 25 | V49: 60 | X49: BILL-0045 | Y49: ACC-0030 | Z49: 45235 | AA49: 45250 | AB49: =SUM('Utility System'!$V49-'Utility System'!$U49) -> 35 | AC49: =IF(Q49="Electricity",AB49*$AP$5,IF(Q49="Water",AB49*$AP$6,IF(Q49="Gas",AB49*$AP$7))) -> 630 | AD49: =IF(Q49="Electricity",$AS$5+$AQ$5,IF(Q49="Water",$AS$6+$AQ$6,IF(Q49="Gas",$AS$7+$AQ$7))) -> 235 | AE49: =IF(Q49="Electricity",(AC49*$AR$5)/100,IF(Q49="Water",(AC49*$AR$6)/100,IF(Q49="Gas",(AC49*$AR$7)/100))) -> 50.4 | AF49: =SUM(Table12[[#This Row],[EnergyCharges]:[TaxAmount]]) -> 915.4 | AG49: Paid | AI49: PAY-0045 | AJ49: BILL-0045 | AK49: 45250 | AL49: =SUM(Table12[[#This Row],[EnergyCharges]:[TaxAmount]]) -> 915.4 | AM49: Credit Card
